GUY,ELCOCK Darren,9
GUY,LALL Raul,1
MOZ,MATOS Narciso,1
MOZ,MADEIRA Edson,33
MOZ,FUMO Micael,2
MOZ,RIBEIRO Samuel,4
MOZ,MANJATE Alfredo,1
MOZ,SIQUIR Ayton,15
MOZ,FONDO JUNIOR Carlitos,1
MOZ,MACHACANE Uricson,2
MOZ,FERREIRA Jacira,13
MOZ,MARTINS Yannick,12
MOZ,ACACIO Marlon,34
MOZ,MARTINS Helder,5
MOZ,LUZIA Bruno,9
MOZ,SIGAUQUE Neuso,35
MOZ,BERNARDO Daniel,2
MOZ,LOFORTE Kevin,27
MOZ,CARLOS JUNIOR Artur,26
MOZ,NASSONE Mauro,4
MOZ,MATOLA Jonas,1
RSA,MABULU Siyabulela,59
RSA,BIKO Luthando,5
RSA,KNOESTER Skye,3
RSA,GOUWS Gert,2
RSA,MNGQETA Siyabonga,1
RSA,THAMAE Khanya,8
RSA,TREZISE Patrick,13
RSA,SCORGIE Keschia,2
RSA,STOCKIGT David,4
RSA,DUCKWORTH Johan,2
RSA,CHASE Anthea,2
RSA,RAINS Chloe,2
RSA,HENRY Vernon,11
RSA,NGOMA Lusanda,10
RSA,SEGONECO Katlego,2
RSA,WHITEBOOI Geronay,20
RSA,LOUW Nicolaas,5
RSA,MAGAJANA Lithemba,2
RSA,SMIT Kendra,1
RSA,WESTON Shona-Leah,1
RSA,GOLIATH Christelle,2
RSA,MINGAY Seamus,1
RSA,VENTER Bernard,3
RSA,CHADINHA Jose,2
RSA,CROUCAMP Caitlin,5
RSA,ALEXANDER Hanna,3
RSA,LABUSCHAGNE Chante,8
RSA,COOK Devon,5
RSA,OLIVIER Zelda,3
RSA,ROBINSON Nicole,2
RSA,COUSINS Christopher,4
RSA,MPONGOSHE Archiebald,1
RSA,KEUVELAAR Kevin,10
RSA,BOSHOFF Christiaan,4
RSA,DU PREEZ Vaughan,5
RSA,SNYMAN Unelle,28
RSA,VENTER Bernhard,7
RSA,SENTSO Lerato,2
RSA,ACTON Galaxy,14
RSA,ESTERHUYSEN Siobhan,4
RSA,TRUTER Willem,2
RSA,CROSS Ludwig,2
RSA,READ Courtney,3
RSA,BARTMAN Kyeren,3
RSA,PFEFFER Andreas,1
RSA,ERASMUS Jaco,2
RSA,LANG Katja,14
RSA,COOK Aidan,4
RSA,BREYTENBACH Donne,11
RSA,NORVAL Peter,2
RSA,YOUNG Paul,2
RSA,ADRIAANSE Rozanne,5
RSA,WOLAYI Ayanda,2
RSA,MBONJENI Anda,2
RSA,MVA Sinothando,2
RSA,SECCOMBE James,1
RSA,PRINSLOO Jeanne-Mari,1
RSA,ACACIO Marlon,3
RSA,PIONTEK Zack,44
RSA,THETSANE Mosa,5
RSA,CHASE Matthew,1
RSA,PFEFFER Stefan,1
RSA,BRUWER Danica,3
RSA,CAMERON Kayla,3
RSA,DE JAGER Johan,4
RSA,VAN DER LINDE Tristan,3
RSA,BRAND Jeandre,13
RSA,MEIRING Marli,8
RSA,VAN HEERDEN Dawid,2
RSA,VAN ZYL Gideon,28
RSA,BOSMAN Daniel,2
RSA,ZIETSMAN Christian,1
RSA,BATTEN Tanita,3
RSA,RAMMUTLA Koketso,3
RSA,LOPEZ Juan,2
RSA,DODDEMEADE Chantelle,6
RSA,PRETORIUS Brendan,2
RSA,GILIOMEE Christiaan,2
RSA,ACTON Crystal,1
RSA,MARTIN Jasmine,16
RSA,PRETORIUS Johannes,2
RSA,DAVIDS Preston,7
RSA,SOOKANE Faith,2
RSA,SCHULTZ Dewald,6
RSA,GRIESEL Charne,17
RSA,LE GRANGE Daniel,22
RSA,DE BRUYN Juan,2
RSA,NIEMANN Jay,2
RSA,SEHLABAKA Rebhabile,2
RSA,PRINSLOO Clarissa,3
RSA,CROSS Jenita,1
RSA,GROBLER Byron,3
RSA,ZIWA Luzuko,1
RSA,STANS Leanco,2
RSA,KRUGER Gerrit,6
RSA,WHITTAKER Dale,16
RSA,FOURIE Calvin,4
RSA,FOURIE Robyn,2
RSA,OOSTHUIZEN Daniel,1
RSA,BREYTENBACH Thomas-Laszlo,5
RSA,LOURENS Charl,5
RSA,STEMMET Devan,19
RSA,COUVARAS Dionisi,2
RSA,TALLIE Tonet,6
RSA,MAPITIZA Lwazi,3
MLT,ESPOSITO Katryna,1
MLT,CAMILLERI Joanna,1
MLT,BEZZINA Marcon,4
MLT,LAW Brent,1
MLT,SAYWELL Jeremy,4
MLT,BEZZINA Isaac,4
IND,CHANAM Rebina Devi,6
IND,SINGH Pradeep,1
IND,RAWAT Sachin singh,7
IND,CHOUDHARY Garima,32
IND,SIMRAN Simran,3
IND,KUMAR Manoj,1
IND,SINGH Harshpreet,3
IND,SINGH Shamsher,3
IND,NAIN Amit,6
IND,TARIYAL Suchika,11
IND,ROHIT Rohit,7
IND,TOKAS Mahima,4
IND,CHANA Navjot,15
IND,BALHARA Pincky,14
IND,SINGH Sarabjit,5
IND,KHAVARE Snehal ramesh,3
IND,SHARMA Taruna,1
IND,MISTRY Ajay Devilal,4
IND,SHARMA Nutan,13
IND,MOURYA Yamini,5
IND,NARESH Naresh,1
IND,SAVITRI Savitri,1
IND,PATIL Apoorva Mahesh,4
IND,MAAN Tulika,26
IND,SEVTA Rahul,1
IND,KHARB Vikas,3
IND,SINGH Attar,4
IND,RUHIL Vishal,10
IND,LALIT Lalit,6
IND,RANJEETA Ranjeeta,1
IND,TOKAS Gayatri,6
IND,LOVELY Lovepreet,1
IND,PRIYANKA Priyanka,3
IND,KOUR Prabhjot,2
IND,SHARMA Unnati,6
IND,MONGJAM Kabita devi,2
IND,SHEDGE Shravan vikas,4
IND,BRAR Harshdeep Singh,16
IND,TAKHELLAMBAM Inunganbi,5
IND,AWASTHI Ajeet,2
IND,HARISH Harish,4
IND,KAUR Rajwinder,14
IND,YADAV Vishal Kumar,1
IND,MALIK Sachin,4
IND,LAISHRAM Roshni Devi,6
IND,MAAN Karanjit Singh,5
IND,SANJAY Sanjay,2
IND,KOMAL Komal,7
IND,KULDEEP Kuldeep,4
IND,KADIAN Mayank,7
IND,MANN Sachin,7
IND,BHAU Shikha,4
IND,CHONGTHAM Jina Devi,10
IND,FOUJDAR Krishna,9
IND,MOKASHI Komal gorakhnath,1
IND,KAUR Gagandeep,1
IND,KUMAR Shiva,6
IND,RANI Rani,2
IND,MITLESH Mitlesh,5
IND,KAUR Manjot,2
IND,DEVI Laishram Nirupama,9
IND,NINGTHOUJAM Sarda devi,1
IND,MANN Divya,4
IND,KUMAR Sachin,1
IND,SINGH Karan,4
IND,LOHAR Kushal Kallappa,3
IND,SAINI Jasleen Singh,40
IND,SINGH Bhupinder,2
IND,JAGRITI Jagriti,1
IND,THINGUJAM Chaoba chanu,3
IND,PARAMJEET Paramjeet,6
IND,YADAV Ramashrey,4
IND,IROM Sanju singh,2
IND,KUMAR Shubham,2
IND,LUHACH Sweety,2
IND,KHAIDEM Sanathoi Devi,1
IND,RAUT Shubhangi subhash,1
IND,NARANG Sahil,1
IND,BALHARA Nilesh,1
IND,GURUNG Savita,3
IND,MANINDER Maninder,1
IND,PATEL Yash bipinchandra,2
IND,HUIDROM Sunibala Devi,27
IND,ANAND Anand,2
IND,NONGMEIKAPAM Somorjit Singh,5
IND,NITIN Chauhan,5
IND,CHANU Angom Anita,16
IND,KUMAR Jatin,3
IND,YADAV Ajay,1
IND,LALHUMHIMI Lalhumhimi,1
IND,JADHAV Malaprabha,8
IND,PREETI Preeti,3
IND,PAL Jatinder,2
IND,SALGAR Neeta sambhaji,2
IND,SAHI Jaswinder singh,3
IND,AARTI Aarti,2
IND,VIKRAM Vikram,4
IND,SINGH Jobandeep,7
IND,KUMAR Amit,4
IND,KUMAR Babu,1
IND,AWASTHI Gaurav,4
IND,SEHRAWAT Mohit,4
IND,MADARAHALLI NAGALINGA Vasundara,2
IND,KHAIDEM Rina Devi,2
IND,ALUMBAYAN Jitender,1
IND,KAUR Ravneet,3
IND,KUMAR Ashawani,1
IND,CHANG WING Yi Shivali,2
IND,TOKAS Harsh,6
IND,SINGH Balvinder,1
IND,JAISWAL Deepika,3
IND,NARENDER Narender,1
IND,SINGH Avtar,37
IND,JYOTI ,5
IND,SHAHAPURKAR Pooja Prakash,1
IND,KARAKUNNEL Hariprasad,1
IND,CHANA Navdeep,3
IND,PATHANIA Sahil,7
IND,DHOPESHWAR Rucha rahul,2
IND,CHAUHAN Nitin,5
IND,KUMAR Parikshit,2
IND,SINGH Sanyogita,2
IND,KAUR Navroop,2
IND,ALI Mohsin Gulab,13
IND,MALIK Ashish,5
IND,KUMAR Pramod,5
IND,MANPREET Manpreet,4
IND,BALA Rajni,6
IND,LIKMABAM Shushila Devi,34
IND,TOKAS Megha,7
IND,YADAV Vijay Kumar,21
IND,PREETY Preety,4
IND,NANDAL Manjeet,7
IND,SWAITA Swaita,5
IND,SINGH Sanjeev,1
IND,CHAHAL Pinki,2
IND,MOHITE Rohini Sambhaji,3
IND,GUPTA Virendra Kumar,2
IND,VINITA Vinita,9
IND,DEVI Khumujam Tombi,9
IND,PARVEEN Parveen,3
IND,THOUDAM Kalpana Devi,46
IND,SHIVANI Shivani,1
IND,SINGH Vikender,1
IND,LANGPOKLAKPAM Rubina Devi,4
IND,KUMAR Ashish,1
IND,THANGJAM Tababi Devi,8
IND,SINGH Udayvir,2
FIJ,VALENTINE Elizabeth,2
FIJ,NAULU Josateki,39
FIJ,TAKAYAWA Nacanieli,3
FIJ,TAKAYAWA Tevita,32
FIJ,TAKAYAWA Nemani,3
FIJ,TALEI Isoa,1
FIJ,RASOKISOKI Sisilia,3
FIJ,TAKAYAWA Shanice,3
FIJ,TAKAYAWA Nathalyn,5
RWA,MUGABO Ayubu,4
RWA,UWASE Fred,2
TTO,JONES Xavier,8
TTO,GEORGE Christopher,14
TTO,BOYCE Jelanie,4
TTO,MOHAMMED Khaliqa,1
TTO,WALKER Luke,7
TTO,WOOD Gabriella,10
TAN,KHAMIS Azzan Hussein,1
TAN,MLUGU Andrew Thomas,6
TAN,MTAWA Geophrey edward,1
TAN,MWENDA Thomas,1
TAN,LEWIS RAPHAEL Saimon,1
TAN,JUMA Mohamed Khamis,1
TAN,ABDALLA Abdulsamad Alawi,1
TAN,CHILIPWELI Gervas Leonard,2
SGP,KANG Shao quan,1
SGP,LI Jinju,1
SGP,SAK Jun hao,1
SGP,LEE Gareth,1
SGP,TANG Jing fang,2
SGP,TAN Wallace,1
SGP,FORICHON Tania,3
SGP,LOH Timothy,2
SGP,LIM Cassiopeia,1
SGP,KOH Kim,1
SGP,ANG Xuan yi,6
SGP,YANG Yi,6
SGP,LEE You ren,1
SGP,ZHOU Yujie,5
SGP,EYLIA Binte M.H.,3
SGP,CHEW Jesmine,1
SGP,NG Luc Aryan,2
SGP,SNG Nicholas,2
SGP,TAY Ryan,2
SGP,LOW Yilong,2
SGP,HO Han boon,4
SGP,ALYSIA Binte M.H.,2
SGP,CHOW Gary,8
SGP,NG Jerome,1
SGP,TSENG Joel,1
SGP,ANG Ace,2
SGP,MUHAMMAD Ahnaf R.B.A.R.,2
SGP,SOH Walter,2
SGP,KOM Hwee Ru,3
SLE,HARRIS Fedrick,1
NZL,VARLEY Sam,8
NZL,VAN DER WALT Adel,5
NZL,VAN GILS Logan,2
NZL,SULLIVAN Luke,4
NZL,KNEY Ria,6
NZL,CONNOLLY Elliott,25
NZL,PAVLINIC Tin,2
NZL,PRYCE JONES Charlotte,2
NZL,RIVETT Alex,18
NZL,GRAY Nicholas,3
NZL,RAHIER Antoine,5
NZL,WATSON Keightley,27
NZL,NAHI Joshua,2
NZL,STEYN Ockert,5
NZL,SMITH Gareth,2
NZL,HAMMETT Amelia,9
NZL,SPINKS Zita,2
NZL,LEAT Alister,17
NZL,WATSON Kasey,5
NZL,BUTTERFIELD Andrew,4
NZL,BRONKHORST Lee,7
NZL,MANUEL Darcina,48
NZL,MACKEY Hayley,3
NZL,KELLY Louise,32
NZL,FELTON Shawnee,3
NZL,SPINKS Max,3
NZL,KELLY Chelsea,2
NZL,FAIRLEY Donald,1
NZL,CLUTHA Mahana,1
NZL,PAVLINIC Ivica,45
NZL,BREW Tim,5
NZL,WILLIAMS Joy,4
NZL,TUILAEPA Jade,5
NZL,BISHOP Justine,50
NZL,CHOI Woo Su,9
NZL,GIBSON Matthew,1
NZL,DEWAR Hugo,1
NZL,BURRA Steffi,3
NZL,ROBERTS Oisin,3
NZL,ROWLEY Matthew,8
NZL,BISHOP Alexander,10
NZL,BAKER Cameron,2
NZL,LLOYD Daniel,2
NZL,GOODHALL Liam,1
NZL,DILL-RUSSELL Ryan,28
NZL,SLYFIELD Tim,3
NZL,SWEETMAN Finn,6
NZL,DE VILLIERS Moira,47
NZL,JEFFERY Ryan,4
NZL,PORTER Ashley,6
NZL,MACKENZIE Thomas,6
NZL,IKI Rihari,11
NZL,MOORE Thomas,2
NZL,BOND Mitchell,2
NZL,KAVANAGH Chanel,5
NZL,SPINKS Ella,4
NZL,BREWER Mark,20
NZL,KOSTER Jason,71
NZL,ROSSER Sam,12
NZL,GATWARD Hayley,16
NZL,CARROLL Jurlina,2
NZL,MOORE Adam,2
NZL,VISSER Koen,6
NZL,PRAGNELL Andrew,9
NZL,PITMAN Jonathon,1
NZL,BROMAN Jonathan,2
NZL,BROWN Finn,14
NZL,BAXTER Haley,1
NZL,JONES Cristyn,13
NZL,HANNARONG Tatalong,3
NZL,BROOKING Bevan,3
NZL,KIRBY Kurt,3
NZL,GROGAN Patricia,7
NZL,RICHARDS Brahm,2
NZL,REDDY Vinay,14
NZL,PEART Lewis,4
NZL,TOMAI Maia,6
NZL,ENTWISTLE James,5
NZL,PYNENBURG Luke,1
NZL,JONES KING Caleb,2
NZL,TRAUB Reece,3
NZL,WONG Bradlee,20
NZL,POURI LANE Risaleaana,2
NZL,MCMILLAN Melissa,3
NZL,CALDER Lee,16
NZL,FIVET Lorcan,5
NZL,ENTWISTLE Sam,5
NZL,DE RIDDER Maarten,4
NZL,ROUSE Emma,22
NZL,GLADKIH Dmitri,2
NZL,SIMONS Samuel,17
NZL,CHRISTIE Qona,28
NZL,DEKKERS Monique,5
NZL,CHOI Sean,2
NZL,JORDAN David,1
NZL,HONEY Fletcher,3
NZL,SCHULER Luke,1
NZL,STORMONT Vicky,4
NZL,LEAT Adrian,22
NZL,DUNCE Lucy,2
PNG,OVINOU Raymond,18
PNG,NELSON Ashaan,10
PNG,VUI Donald,1
PNG,ARUSA Kila,2
PNG,VUI Kinsley,10
MRI,ALLAS Alain michael,1
MRI,NIOLE Jean alain,4
MRI,ADONIS Hansley,11
MRI,CHARLOT Jonathan,11
MRI,HUMMUTH Umar,1
MRI,ALBERT Jeff,9
MRI,BAPTISTE Jeekenty,2
MRI,NANON John,4
MRI,LEVEILLE Andy,1
MRI,PLAICHE Adele,1
MRI,BIJOU Jason,10
MRI,PARMUNSING Ansley,1
MRI,RIGOBERT Mike,2
MRI,FRANCOIS Anielle,4
MRI,RESIDU Dylan,2
MRI,JACQUIN Andrew,1
MRI,BEGUE Jean francois,5
MRI,SEBLIN Pascal,4
MRI,PERRINNE Chandrine,2
MRI,BAPTISTE Sebastien,3
MRI,DULMAR Shane,1
MRI,CATAPERMAN Fabrice,5
MRI,LAPROVIDENCE Annabelle,16
MRI,ST PIERRE Melissa,3
MRI,DURHONE Tracy,3
MRI,CUPIDON Charlaine,3
MRI,SPEVILLE Chrystina,4
MRI,MOOTIEN Warren,6
MRI,COLLET Ronaldo,1
MRI,GOURDIN Steeven,4
MRI,EVENOR Noemie,2
MRI,BEGUE Louis Daniel,5
MRI,COLET Aniella,3
MRI,LEGENTIL Christianne,52
MRI,COLLET Robin,4
MRI,mercure Meira,2
MRI,PAKEEREE Melvina,2
MRI,ST PIERRE Jeremy,4
MRI,LAURENT Pascal,23
MRI,GUILLAUME Gary,2
MRI,MARIANNE Isabelle,1
MRI,JEAN PIERRE Kimberley,11
MRI,PERRINNE Sebastien,12
MRI,RAVINA Stenion,2
MRI,RAVINA Chrisnabelle,4
MRI,MORAND Priscilla,91
MRI,PERRINE Marie conie,2
MRI,COLLET Robinson,4
MRI,BLANCHE Andy,1
MRI,BEGUE Hardley,2
MRI,VILBRUN Marie celeste andrea,7
MRI,PAULIN Macleon,10
MRI,ETIENNE Bryan,6
MRI,SAMOISY Jessica,3
MRI,FRANCOIS Stacy,3
MRI,CARRON Louis Christopher,8
MRI,SYLVA Sarah,26
MRI,ANDRE Joachim,1
MRI,FEUILLET Remi,1
MRI,BOODHOO Jean yves,2
MRI,EDOUARD William,6
MRI,LOUMEAU Laetitia,5
GHA,ALHASSAN Ali,1
GHA,ALHASSAN Abubakar,1
GHA,AHIAVOR Victor,35
GHA,ABUGIRI Razak,4
GHA,AGUDOO Dominic,5
GHA,NORMESHIE Raymond,1
GHA,SZOGEDI Szandra,71
GHA,ALHASSAN Timmy,1
GHA,AMOAKO Alex,8
GHA,ABDUL MUMUNI Ibrahim,1
GHA,ANANI Kwadjo,4
GHA,NARTEY Emmanuel,124
SRI,WIBUSHANA GEDARA Leteeshiya,1
SRI,GIHAN Darshana,3
SRI,WICKRAMAGE Jeewantha,2
SRI,PUSHPAKUMARA Rajitha,4
SRI,KAUSHALYA Sachini,2
SRI,MIGARA KULARATHNA HERATH MUDIYANSELAGE DASUN,2
SRI,DISSANAYAKE Priyantha,1
SRI,PREMARATHNE Prabath,3
SRI,JAYAWARDANA Ruwan,5
SRI,AMARASINHE Menuka sameera,1
SRI,WEDAGE ALAIS PITIPANAGE Ruwani,1
SRI,WIJEWARDANA Demuni,4
SRI,HAPUARACHCHI Shenal,2
SRI,HATHURUSINGHA MUDIYANSELAGE Kawshalya Tharangi Karunarathna,1
SRI,GOONEWARDENA Chamindu,1
SRI,SENEVIRATNE Laxman,1
SRI,BAPTIST ARAVIN SANJITH,2
SRI,RANATUNGA Nimnaka,1
SRI,GUNADASA Prabath,2
SRI,REPIYALLAGE Chamara,12
SRI,LEEMAGASTHENNE Chandanakumara,1
SRI,MUTHUBANDAGE Prarthana,1
SRI,KALU LIYANNAGE Madushani,1
CAM,SRUN Sovandara,1
CAM,KHOM Ratanakmony,2
CAM,PHOU Khi Phuk,2
CAM,CHHUN Bunyadeth,1
CAM,SUN Panhga Wath,1
MAW,CHIKUMBU Evance,1
MAW,NDAWU Emmanuel,2
MAW,KATHEWERA Chikondi Samuel,1
MAW,BENJAMIN Vera,1
MAW,WYSON Dylesi,1
MAW,MWANGONDE Jean,1
MAW,SAMU Mphatso,1
MAW,BONFACE Harriet,6
BAN,JERIN Tahamida,3
BAN,MILU Khaledul Hasan,1
BAN,LOPA Tahamina Aktar,1
BAN,AKTHER Priyanka,3
BAN,AMIN Afroja,1
BAN,KHANOM Farina,1
BAN,ANTORA Sarmin Akter,1
BAN,AHMED JAHAN Shejan,3
BAN,TRIPURA Suzan,1
BAN,MARMA Singma Pru,1
MAS,WEI FU Chong,3
MAS,CHOI E-FAYE,2
MAS,LOW Xinn Qhay,2
MAS,MOHAMMED NOOR Mohammed ezzat,1
MAS,MOHAMAD TAHIR Nor izzatul fazlia,1
MAS,GOH XUAN LE,12
MAS,AMRAN Nur ain,1
MAS,SHAHABUDDIN Siti noor aisyah,1
MAS,SIM Brenton,3
MAS,WONG Jin Xian,1
MAS,DESMOND LAI Zhunliang,3
MAS,ANGELINE CHOI E ANN,3
MAS,SIA Andrew,7
MAS,TAN TZE NING,2
MAS,MOHD FIKRI Mohd farhan uzair,3
MAS,SOH Yew Ing,1
MAS,KEN JEH Kenji Choi,6
MAS,NIK AZMAN Nik norlydiawati,1
MAS,CHAN POR HAO,7
MAS,MATRONATI MEL MOTUSIN,3
SEY,PHILOE Neddy,7
SEY,CROISEE Derick,1
SEY,LAURENCINE Marcus,1
SEY,VIDOT Jean Michel,10
SEY,JEAN Quessy,3
SEY,MARIE Alvin,4
SEY,PHILOE Leslie,10
SEY,PAYET Amandah,3
SEY,SAVY Lionel,9
SEY,VIDOT Marieannette,3
SEY,FINESSE Nantenaina,17
SEY,MALBROOK Jessy,2
SEY,JEANNE Nady,5
SEY,ROSE Germain,1
SEY,DOGLEY Graham,2
SEY,LABROSSE Francis,4
SEY,CESAR Dominique,3
SEY,DUGASSE Dominic,34
SEY,MICHEL Martin,1
SEY,ROSE Brigitte,18
SEY,KING Paddy,1
JAM,DRYSDALE DALEY Ebony,5
JAM,WALDENBURG Devin,4
BIZ,SANCHEZ Eddermys,1
BIZ,GUILD Leon,2
BIZ,BALDERAMOS Daryl,1
BIZ,JAMES Renick,1
BIZ,CARD Juan,2
DOM,GARCIA Adrianny,9
DOM,SANTANA Lwilli,43
DOM,GUZMAN LARA Eduardo Manuel,32
DOM,GARCIA RAMIREZ Pamela,4
DOM,ROSARIO Katty,2
DOM,GERMAN Leidi,36
DOM,DE JESUS Diana,16
DOM,FIGUEREO Marcos,13
DOM,CUEVAS Adarjisa,1
DOM,MARTE Elian,1
DOM,PANIAGUA PENA Mary Estefany,3
DOM,VILLANUEVA Eliveri,4
DOM,ÁNGEL MIGUEL Santana,1
DOM,MORILLO Victor,11
DOM,ACOSTA DE LEON Jose Ramon,3
DOM,MATOS Horacio,10
DOM,SANTIAGO MICHEL Wilton,4
DOM,LACHAPELLE Maria,8
DOM,MARTE Marialy,22
DOM,CESPEDES Alfa,4
DOM,VARGAS HERRERA Carlos antonio,4
DOM,LAINE MARCO Yubenis,5
DOM,BIVIECA Fausto,8
DOM,GOMERA VALDEZ Cristhian Nicolas,1
DOM,CAMINERO HOLGUIN Roberlina,10
DOM,SANTANA Esdra,5
DOM,ARIAS Carlos,5
DOM,SALAS PAULINO Francia,2
DOM,TORNAL Antonio,55
DOM,DE LEON DE LA CRUZ Jesse Francisco,5
DOM,PAULINO CAMACHO Shanella,8
DOM,BAEZ MEJIA Angel Oscar,1
DOM,AVILA Keidy,2
DOM,MARTE FURMET Gabriel,5
DOM,PEREZ Luis,15
DOM,CUELLO POLANCO Yunior Manuel,16
DOM,BUENO Wilfredo,6
DOM,TAVERA Nicolle,3
DOM,MEDINA Lewis,34
DOM,MOREL Ronny,8
DOM,OTANO Karilis,5
DOM,PACHECO Patricia,2
DOM,MATOS Antony,4
DOM,RODRIGUEZ Ismael,1
DOM,MESA Odry,2
DOM,MARTE Marcos,41
DOM,GERONIMO Jose,15
DOM,CASTRO DE LANCE Luis Gabriel,1
DOM,DE JESUS CASTILLO Elianny,3
DOM,CABRERA Erdalina,20
DOM,ROSARIO Oliver,11
DOM,RAMIREZ Samuel,1
DOM,TRINIDAD Maria,1
DOM,RAMIREZ Elmert,33
DOM,SILVESTRE Eiraima,20
DOM,ANDRES Raul,10
DOM,SALAZAR Ronny,3
DOM,ROSARIO Luis,9
DOM,MERCEDES Nicol,10
DOM,PENA Victor,20
DOM,PINA Carmen,2
DOM,CABRERA Michel,2
DOM,BIENVENIDO FELIX Jewel,4
DOM,CUEVAS Juancito,1
DOM,VASQUEZ Garlene,3
DOM,VALDEZ Rosa,3
DOM,VALDEZ Greymarlin,8
DOM,PERALTA Amaury Jose,11
DOM,REYES Camila,3
DOM,SEIPIO ALCANTARA Walkidia,4
DOM,DIAZ Gabriela,6
DOM,VASQUEZ Noemi,4
DOM,FLORENTINO Robert,66
DOM,CAPELLAN Maikel,4
DOM,GOMERA Cristhian,17
DOM,MERALIS SORIBEL Lara paulino,2
DOM,VELASQUEZ Coral,24
DOM,DE LA ROSA PEREZ Elizon,13
DOM,PENA Julio,3
DOM,CABRERA MARTINEZ Yaritsa,5
DOM,KURY GUZMAN Samir,15
DOM,HUBIERA VASQUEZ Ana,1
DOM,FELIX Tonito,2
DOM,SANCHEZ RODRIGUEZ Franchesca,4
DOM,SERRANO FABIAN Jean luis,1
DOM,DE AZA Eriberto,3
DOM,NOVAS PEÑA Cleudyn Manuel,1
DOM,RODRIGUEZ Elizabeth,6
DOM,MENDOZA OLIVO Ana,2
DOM,RODRÍGUEZ LUZON Michael Alexander,2
DOM,MINAYA Ernesto,2
DOM,SANTANA Omar,7
DOM,ORTIZ Ruth ester,8
DOM,COLLADO Jorge,4
DOM,GUZMAN Jose,3
DOM,BONILLA RODRIGUEZ Ana,6
DOM,MENDEZ Adrian,5
DOM,MARTÍNEZ Edwin,2
DOM,FLORENTINO Yamileisy,6
DOM,PIMENTEL PEREZ Wilrfy,3
DOM,SANTOS Genesis,1
DOM,RODRIGUEZ MORENO Kilsi,9
DOM,HICHE Keila,1
DOM,DESERT Adonis,3
DOM,FRANCO PEGUERO John Kerlin,2
DOM,JIMENEZ Eddy,3
DOM,PERALTA Marcos,10
DOM,PEGUERO CASTILLO Alejandra,1
DOM,CABRERA Yaritza,2
DOM,DIAZ Enriquez,4
DOM,SANTOS Amado Armando,6
DOM,VIZCAINO Josias,4
DOM,VARGAS Carlos,6
DOM,DEL CASTILLO Arma,4
DOM,DE LOS SANTOS Jose,9
DOM,REYES Eliel,4
DOM,MEDOS Ivan,25
DOM,RODRIGUEZ Kilsi,3
DOM,CUETO Leticia,3
DOM,JIMENEZ Yamira,2
DOM,CASTRO SOSA Carlos,5
DOM,CHALAS REYES Rosanna,4
DOM,VICENTE Glenis,1
DOM,MEDINA Wilson,14
DOM,SANTANA Luis,14
DOM,MOREL BURGOS Nathalie mercedes,3
DOM,POLANCO Ambar,10
DOM,MIESES NUEZ Nathalie,2
DOM,KEVIN Elizabeth,7
DOM,ADAMES Haidi,5
DOM,CASTRO MATOS Albis jose,3
DOM,HEREDIA Sandy,3
DOM,CARDI Pedro,4
DOM,ARAGONEZ RAMIREZ Jeison,3
DOM,SORIANO Estefania,13
DOM,SEVERINO GIRON Manuel,3
DOM,DEL CASTILLO ESPAILLAT Armando Jose,2
DOM,BALLARD Oscarlin,4
DOM,GARCIA Neldy,4
DOM,PEREZ Luisa,3
DOM,SANCHEZ Isandrina,25
DOM,BRITO Juan,2
DOM,FIEZ Jhon,1
DOM,GUZMAN Franklin,7
DOM,CABRERA Jorge,13
DOM,ABUD HUBIERA Emmanuel,5
DOM,MARTINEZ Yeraldy,7
DOM,DEL CASTILLO ESPALLAT Axel alejandro,16
DOM,GUILLERMO JAVIER Luis,3
DOM,PEREZ Nayeli,6
DOM,BOISARD Jose,4
DOM,PEPIN Antfernee,28
DOM,ABAD MATEO Kendry,1
DOM,SANTOS Jennifer,4
DOM,DE JESUS ALCANTARA Lorena,13
DOM,SOLER Yuleisy,1
DOM,RODRIGUEZ Yandy,15
DOM,VARGAS Joel,3
DOM,LORENZO Rony,1
DOM,MONTERO Abel,17
DOM,JIMENEZ Luisa,12
DOM,JIMENEZ Stanling,2
DOM,CONSORO Isauri,1
DOM,RAMIREZ Stanli,1
DOM,FERNANDEZ Eric,3
DOM,SERRANO GARCIA Juan Miguel,8
DOM,BAEZ Julia,3
DOM,SANCHEZ Ariela,32
DOM,CARVAJAL ANTIGUA Katherine,2
DOM,GARCIA Yineury,8
DOM,GEREZ CUELLO Orlando,3
DOM,MATOS Branly,1
DOM,MEDINA PENA Julio Cesar,2
DOM,PINA Elizabeth,7
DOM,SEVERINO Darinson,28
DOM,NOVA ALCANTARA Jose,41
DOM,ROCHA Freddy,3
DOM,DIAZ Starling,7
DOM,SOLIS Marianni,2
DOM,GEREZ Junior,3
DOM,PENA Franyi,3
DOM,SANTANA Oscar,10
DOM,OTANO PINA Katherine,12
DOM,MATOS Syntia,3
DOM,JAVIER PEREZ Pedro emilio,2
DOM,CUELLO Beronica,6
DOM,LOPEZ Kenmet,9
DOM,MEJIA Onasis,3
DOM,ORBE CONCEPCION Rafael,1
DOM,GUZMAN Samuel,4
DOM,LORENZO Darvi,7
DOM,RAMIREZ PENA Wendy,4
DOM,GUERRERO Liliana,3
DOM,BAUTISTA Marianle,1
DOM,BELTRE Francisco,1
DOM,BRITO Ranci,6
DOM,MATEO Wander,72
DOM,GALVAN Yosmeily,3
DOM,BATISTA Victor,2
DOM,MORILLO Moira,29
DOM,LOPEZ Ismael,4
DOM,RODRIGUEZ Jose,4
DOM,SANTANA Markelly,7
DOM,OVANDO Williana,3
DOM,SIMON Ramon,1
DOM,FERMIN Rosario,1
DOM,CARCIA Marian,2
DOM,RAMIREZ Ramon,6
DOM,ROSARIO Carolina,3
DOM,MONSON MARTE Manuel Arturo,2
DOM,RAMIREZ Greilin,5
DOM,TURBI Luis,3
DOM,OZORIA Adriana Nicol,3
DOM,PEREZ Kathia,2
DOM,AGUASANTA Angela,16
DOM,GONZALEZ JIMENEZ Teresa Ines,8
DOM,DE LEON Adriana,14
DOM,FERMIN Edward,2
DOM,ASENCIO Luzmer,1
DOM,DIAZ SERRATA Brayan,4
DOM,ROSARIO Dayan,7
DOM,QUEZADA Katherine,9
DOM,GARCIA Cindy,3
DOM,ENCARNACION Wileska,1
DOM,LIZARDO Juan,3
DOM,GONZALO PIE Fausto,3
DOM,GEREZ ROSARIO Cristopher,6
DOM,OTANO Camila,11
DOM,RAMIREZ Omaria,37
DOM,SILVETRI Derwin,7
DOM,SANTOS Daniel,20
DOM,ROSA Ana,41
DOM,AMADOR PINEDA Scarlin Paola,2
DOM,LOPEZ Yocaira,1
DOM,DEL ORBE CORTORREAL Medickson,30
DOM,LUGO Katibel,2
DOM,GUILLEN Jeison,1
DOM,BURGOS ROSSO Derick Manuel,2
DOM,MEDRANO Luis,2
DOM,RAMIREZ Stanlin,2
DOM,SOSA HINOJOSA Leslie Daniela,5
DOM,DIEGUEZ Wander,3
DOM,BARINAS BENITEZ Clara,16
DOM,MATEO RAMÍREZ Flor MaríA,2
DOM,RODRIGUEZ Johan,6
DOM,CONTRERA Yoeliza,12
DOM,MEDINA GRULLART Daniel,5
DOM,CORPORAN Paul,2
DOM,MERCEDES Carlos,13
DOM,LORENZO PINA Ariel,4
DOM,JEREZ Michael,3
DOM,LEONOR Joanel,7
DOM,DISLA Orquidia,10
DOM,BAUTISTA Emely,5
DOM,BELTRE Susana Fernanda,7
DOM,VENTURA Aimele,1
DOM,NICOLE Adriana,4
DOM,MONTERO Leonela,12
DOM,SCUELLO POLANCO Yunior Manuel,3
DOM,DIAZ ALBURQUERQUE Laura Elisa,14
DOM,RODRIGUEZ Rina,4
DOM,GARCIA Maria,40
DOM,GARCIA Rudisney,8
DOM,CHALAS Starling,3
DOM,LORENZO GUZMAN Robert,7
DOM,OZUNA Rosanni,3
DOM,GONZALEZ HAZOURY Ivan zaki,15
DOM,MARTINEZ DE LOS SANTOS Daniel,15
TGA,FELEMI Ineti,2
TGA,FUA Sailosi,2
TGA,MOALA Finetuui,2
TGA,MAFI Fugalaau,2
TGA,FAKAOSI Heimuli,2
VAN,KALO claude,2
VAN,GARDAIS Philippe,1
VAN,FIAKAIFONU Nazario,6
VAN,MAHIT Joe,17
VAN,PATUNVANU Jean,2
VAN,NASSE loic,2
VAN,MONVOISIN Nicolas,5
VAN,DAOLEUANG Florence,3
VAN,BILLY richard,1
VAN,WILLIE Tom,3
VAN,ROUVOUNE Marceau,3
VAN,CUGOLA Maxence,4
VAN,THEUIL Rexly,7
VAN,BEN george,2
VAN,PHEU cedric,6
VAN,CUMBO Hugo,1
VAN,CUMBO Georges,1
VAN,TARI Veronica,1
ZAM,ZUNGU Naomi,1
ZAM,SYAMWAMPE Victor,1
ZAM,SIAPEYA Lestina,1
ZAM,PUNZA Mathews,22
ZAM,MWABI Michael,1
ZAM,MUNYONGA Boas,21
ZAM,NYONDO Mildred,1
ZAM,MASUKU Rachel,1
ZAM,SANDO Esther,1
ZAM,PHIRI Andrew,2
ZAM,KASWANGA Andrew,3
ZAM,ZULU Lydia,1
ZAM,PHIRI Agida,2
ZAM,KAMWANDI Edward,1
ZAM,CHINDELE Abigail,12
ZAM,ZULU Simon,9
ZAM,MUNGANDU Steven,8
ZAM,NYONDO Joshua,2
BOT,MONYATSIWA Advent,2
BOT,LEAGAJANG Orapeleng Victoria,1
BOT,SELLO Edwin,9
BOT,Babuile Phadi,4
BOT,MOGOPA Gavin,33
BOT,Phuthego Tumiso,3
BOT,LEBANG Thato,23
BOT,TSHEKO Letlhogile Tshenolo,1
BOT,MAROPE Micheline Nkagisang,3
BOT,KIM Min young,2
BOT,Tema Gwafila Leon,5
BOT,LEKOKO Tirelo,3
BAH,BAIN Emily,2
BAH,ROLLE Rachel,2
BAH,STRANCHAN Daniel,1
BAH,SMITH Alisha,1
BAH,MCKENZIE Braiden,1
BAH,MCPHEE Artio,1
BAH,MUNNINGS Andrew,4
BAH,FORBES Kentico,4
BAH,FERGUSON Taliano,3
BAH,HANNA Karra,1
BAH,BENENBY Mya,2
BAH,CUFFY Elaina,3
BAH,INGRAHAM Sasha,1
BAH,STRACHAN Alex,1
BAH,SWAIN Ozeke,1
BAH,SMITH Marcus,2
BAH,MARSHALL Larry,1
BAH,BOOTLE Desmond,3
BAH,RUSSELL Jasmine,1
BAH,MCFALL Joshua,5
BAH,PENNERMAN Raven,1
BAH,SWEETING Daleon,5
BAH,HALL Dre,1
BAH,SWEETING Davante,1
BAH,RAHMING Cynthia,34
BAH,MAJOR Breanna,1
BAH,BAIN Tara,2
PAK,SHAH Hussain Shah,48
PAK,HUSSAIN Imtiaz,3
PAK,KHAN Qaisar,26
PAK,AIATULLAH ,1
PAK,ASHIQ Humaira,4
PAK,MUHAMMAD Razaq,1
PAK,BUTT Ahmad,1
PAK,SARWAR Wajahat,10
PAK,IQBAL Muzafar,1
PAK,BUTT Karamat,3
PAK,AKRAM Nadeem,5
PAK,GULL Shumaila,1
PAK,MUHAMMAD HASNAIN,2
PAK,IQBAL Zahid,1
PAK,MUMTAZ Fouzia,3
PAK,TOYODA Amina,6
PAK,HUSSAIN Babar,1
PAK,SAMIULLAH Syed,4
PAK,AHMED Iftikhar,3
PAK,ZAHIR Zunair bin,1
CAN,ELCOCK Darren,14
CAN,GAGNON Maxime,1
CAN,JOHNSTON Davis,3
CAN,LANGLOIS Derek,2
CAN,GRENIER Amelie,3
CAN,KHATELISHVILI Luka,19
CAN,CHOSACK-BARKAY Daniel,9
CAN,DARLOW Annabelle,19
CAN,BLACQUIERE Arno,7
CAN,KIM Dmitri,3
CAN,KACHUR Kalem,14
CAN,CALDWELL Emma,4
CAN,TROTTER Keira,7
CAN,MAZOUZ Sarah Myriam,24
CAN,HEITMAN Koen,2
CAN,SENNOT Hailey,2
CAN,PHARAND Philippe,1
CAN,BOUSSARHANE Samia,3
CAN,ASHWOOD Simon,2
CAN,FIANDOR Cheyenne,3
CAN,JAMIESON Tavis,3
CAN,POPOVICI David,2
CAN,MEZAOUR Camelia,2
CAN,NGUYEN-HUU Yacinta,5
CAN,PORTUONDO-ISASI Adriana,22
CAN,GAUTHIER Kevin,26
CAN,CHILIBECK Sasha,5
CAN,ARCHAMBAULT Audrey,2
CAN,ARENCIBIA Alexandre,48
CAN,LITZENBERGER Maximus,4
CAN,KUNO Hanako,23
CAN,FRANCIS METHOT Audree,20
CAN,KURAMOTO Caleigh,4
CAN,GRENAPIN Florence,2
CAN,DION Philip,3
CAN,NOBERT Seth,4
CAN,MACMURRAY-RAMSAY Mason,5
CAN,WILL Frazer,15
CAN,NEYOLOV Danil,28
CAN,KUNO Hana,3
CAN,ST PRIX Dante,1
CAN,BURGESS Monika,47
CAN,VALOIS FORTIER Beatrice,8
CAN,MAHMOUD Ossama,5
CAN,LEVESQUE Ariane,6
CAN,MORGAN McKenzie,6
CAN,SEMYROZUM Volodymyr,3
CAN,MEDILO Cecilia Marie,9
CAN,BENOIT Maude-Helene,1
CAN,FRASCADORE Julien,23
CAN,DOERFLER Bailey,2
CAN,ULRICH Samantha,3
CAN,ALEXANDER Lochlainn,4
CAN,SAURIOL Nathan,2
CAN,SCHENK Emil,1
CAN,THIBODEAU Philippe,1
CAN,CHORAN Solomon,6
CAN,MELANCON Joliane,42
CAN,RENAUD-ROY Eve,2
CAN,HENRY Anthony,12
CAN,MANDEL Dawson,10
CAN,AUBIN-MERCIER Olivier,3
CAN,TANNER Sierra,19
CAN,BOUCHARD Antoine,125
CAN,JEAN-PIERRE Leewis,5
CAN,SUDO Blake,2
CAN,MAILHOT-SENEZ Melodie,3
CAN,MANUEL Alyssandra Phoebe,3
CAN,MARINEAU Alex,40
CAN,YOUSSEF Youssef,15
CAN,BRADLEY Jackson,4
CAN,KIM Daniel,2
CAN,ZEGHIR Mahdi,2
CAN,NGOMBI Miguel,2
CAN,DEMAERE Nathan,4
CAN,KRAPMAN Rachel,26
CAN,BURT Zachary,105
CAN,LANGLOIS Nicholas,4
CAN,HANKS Megan,4
CAN,SANCHEZ Diego,1
CAN,JENICEK Nicole,11
CAN,VALLIERE Simon,2
CAN,MARKWAT Mitchell,16
CAN,ELNAHAS Shady,34
CAN,COTTON Amy,32
CAN,BERINDE Lenuta,1
CAN,RENDER Zachary,4
CAN,DESCHENES Marc,81
CAN,BURT Mackenzie,9
CAN,DEGUCHI Christa,43
CAN,PITSILIS Camelia,22
CAN,VALOIS-FORTIER Antoine,132
CAN,PENCHEV Martin,10
CAN,FRANCIS Amber Jane,1
CAN,CHENG BOIVIN Zacharie,3
CAN,EKOSKY Justin,8
CAN,GAGNON Nicolas,2
CAN,REYES Kyle,68
CAN,ROBERGE Catherine,103
CAN,GAUTHIER DRAPEAU Francois,26
CAN,NAKANO Ty,4
CAN,WESTLAKE Kiera,12
CAN,CLARK Braxton,3
CAN,CAMPBELL Ian,2
CAN,LEUNG Katsuo,3
CAN,CHRIST BONNELL Kadin,5
CAN,BARRIAULT Victor,3
CAN,YOUSSEF Yassin,2
CAN,GAGNON Alexandra,7
CAN,SYNNOTT Josie-Anne,4
CAN,GAUDREAULT Simon,7
CAN,ROBERTS Teyana,4
CAN,TEEUWEN Max,6
CAN,BEAUCHEMIN-PINARD Catherine,183
CAN,WARD Alister,12
CAN,BECKER Rayleigh,4
CAN,RYGIELSKI Natalie,1
CAN,LEFORT Alexandria,1
CAN,IMAGAWA Justin,12
CAN,EDGSON Sydney,3
CAN,ELLIOT Wilson,8
CAN,HANEARIN-BALCZER Jarrett,2
CAN,MALOUM Sarah,11
CAN,BAGNELL Daniel,2
CAN,BESSON Marie,58
CAN,DORE Nicolas,1
CAN,ARCHAMBAULT Felix,1
CAN,OCKEDAHL Bianca,6
CAN,GAGNON Jean-Philippe,4
CAN,DE CARDAILLAC Frederic,3
CAN,PERKS Sarah,7
CAN,GUBBINS Billy,2
CAN,TORTORELLO Jesse,1
CAN,PELLETIER Malcolm,9
CAN,BOLTE Jerome,3
CAN,VIENNEAU Andrew,3
CAN,PESSOA Sergio,73
CAN,WELLARD Jamiliya,2
CAN,PEPIN Anthony,6
CAN,BOUCHARD Mathieu,5
CAN,ESCOLAR Thomas,8
CAN,CHIRILA Maria carla,17
CAN,TESANOVIC Emilija Ema,14
CAN,MOGDAN Chris,1
CAN,VANDERSANDEN Ethan,7
CAN,BOOTH Brae,10
CAN,EMOND Roxanne,6
CAN,POLIAKIWSKI Jordan,2
CAN,ALEXANDER Eibhleann,2
CAN,MARTIN Matilde,3
CAN,FRIZZELL Ioan,5
CAN,NISHIMURA Ario,2
CAN,SAMUELS Shiran,1
CAN,FIANDOR Alicia,20
CAN,LOHNES Whitney,2
CAN,WILTSHIRE Laurie,8
CAN,VANDERSANDEN Erik,14
CAN,FORTIN DEMERS Michael,13
CAN,RAYMOND Miguel,1
CAN,MAMAN Daniel,4
CAN,GOTO Tami,14
CAN,CLOUTIER Melyssa,3
CAN,BELLISLE Miranda,7
CAN,HARRIS Payton,4
CAN,ANDREWS Ben,7
CAN,FOREST Iana,1
CAN,MICHEL Janika,5
CAN,SHEYKHISLYAMOV Dilyaver,8
CAN,MORIN-MARTEL Alexis,57
CAN,CHRISTOU Despina,4
CAN,OUELLET Jean Francois,9
CAN,SUDO Tanner,5
CAN,GAULIN Guillaume,4
CAN,POPIEL Michal,14
CAN,GOUGEON-GAZE Victor,3
CAN,POIRIER Jeremie,5
CAN,VAILLANCOURT Sophie,2
CAN,COULOMBE Justin,2
CAN,OBRIEN Douglas,2
CAN,REGLAT-ARZATE Manon,6
CAN,DESBIENS Sara,2
CAN,BURT Emily,63
CAN,MADGETT Andrea,5
CAN,DAMETTO Christian,6
CAN,CHALA Hakim,18
CAN,WILCZEK Alexander,3
CAN,LANGLOIS Bradley,81
CAN,HACHEMI Yanis,7
CAN,COTE Maxim,25
CAN,PORTUONDO ISASI Ana laura,47
CAN,SHEPANSKY Isabella,1
CAN,SIMAO Jaquina,15
CAN,BELANGER Jasmin,5
CAN,LAU Rhiannon,1
CAN,Mostovoi Nichita,4
CAN,DE JESUS Dontae,14
CAN,ZIGIC Sasha,8
CAN,MCCRACKEN Briana,1
CAN,TRAVERSY Gabriel,2
CAN,LEMIRE Justin,12
CAN,PARET Shaim,1
CAN,JORA Bogdan,22
CAN,ROY Lea,17
CAN,ANDRES Joe Casey,29
CAN,MCMANUS James,1
CAN,SKAF Aidan,4
CAN,DIBARTOLO Nicolas,2
CAN,ABD ELREHIM Amr,3
CAN,JUTEAU Gabriel,29
CAN,GABUN Constantin,8
CAN,KARAS Kondelia,3
CAN,KRIEBER GAGNON Louis,82
CAN,WU David,4
CAN,FLOYD Gunner,1
CAN,BERTRAND Felix-Olivier,2
CAN,ELNAHAS Mohab,45
CAN,MIRAN Vincent,6
CAN,DANILKOV Klavdia,5
CAN,ANTIC Sava,17
CAN,LONG Sean,3
CAN,MEHMEDOVIC Sasha,23
CAN,DOUGLAS Asia,1
CAN,GODBOUT Coralie,23
CAN,ZUPANCIC Kelita,208
CAN,EDWARD Scott,7
CAN,JOLLEY Brennan,1
CAN,LEE Anne,1
CAN,BADAT Thomas,1
CAN,RYDER Ian,26
CAN,GAWAZUK-DUDAR Brett,1
CAN,MAZOUZI Idir,3
CAN,VALOIS Jacob,49
CAN,LONSDALE James,5
CAN,MESONGNIK Ariel,5
CAN,GUERIN Anne Clara,5
CAN,MARTIN Anne,11
CAN,RYGIELSKI Martin,12
CAN,DEMAERE Joel,21
CAN,LEVESQUE Marylise,22
CAN,TAYLOR Kelly,3
CAN,SEIB Warren,26
CAN,BRIGGS Alicia,2
CAN,LATULIPPE Isabel,2
CAN,POKLITAR Gueorgui,42
CAN,GRONEN Shianne,25
CAN,MARGELIDON Arthur,154
CAN,CORBETT Brooke,4
CAN,TEPER David,6
CAN,LAASS Lavanna,2
CAN,TREMBLAY Stefanie,168
CAN,CYR Turner,4
CAN,GAGNE Patrick,74
CAN,BRETON-LEDUC Charles,24
CAN,CHOUINARD Yohan,7
CAN,LACZKO Shogun,5
CAN,NASH Sebastian,3
CAN,THIFFAULT Laurence,2
CAN,DIBARTOLO Alexandre,3
CAN,POLIAKIWSKI Brette,4
CAN,RODRIGUEZ Ignacio,23
CAN,ROUX Marianne,3
CAN,ANCOR David,56
CAN,LABRIE Jeremy,5
CAN,LANDRY Jacob,2
CAN,EMOND Alexandre,13
CAN,NAKAJIMA Lisa,2
CAN,BOISVERT Jasmin,2
CAN,JOBB Brandon,17
CAN,YOUNG Lochlan,7
CAN,EDWARD Robert,11
CAN,GUICA Ecaterina,139
CAN,COULOMBE Mina,51
CAN,MINNICK Jackson,9
CAN,SOMERS Andree-Ann,3
CAN,POLOWY Kelley,1
CAN,SAPENOV Aidos,19
CAN,MARTIN Jules,2
CAN,COMEAU Karissa,1
CAN,KOLIASKA Taeya,21
CAN,ALTHOUSE Taylor,6
CAN,EKOSKY Damien,12
CAN,BRIAND Etienne,182
CAN,ZHITAREVA Anna,2
CAN,HILL Christian,3
CAN,TRITTON Nicholas,16
CAN,LAPOINTE Jeremie,2
CAN,BURT Jonah,12
CAN,CANTIN Patrick,11
CAN,CHAN Russell,3
CAN,LABRIE Marie-Pier,1
CAN,MACFADYEN Liam,3
CAN,HARDING Rourke,2
CAN,NEMETH Virginia,49
CAN,HANJI Ron,1
CAN,NUARA Adam,3
CAN,GRANDCHAMP Nicolas,2
CAN,SARENAC Nedjo,5
CAN,COPELAND Allayah,27
CAN,NEUMAN Megan,4
CAN,SERGEEVA Julia,4
CAN,GUERRAULT Michael,9
CAN,KAMSTRA Kimiko,7
CAN,RENAUD-ROY Alix,86
CAN,GOBEIL- ST-AMAND Olivier,17
CAN,HARRIS Isabelle,12
CAN,ZWIERS Stefan,1
CAN,MCCRISTALL Daniel,7
CAN,TREMBLAY Justin,7
CAN,DAVIAU Benjamin,4
CAN,WARNER Jordann,10
CAN,LEVESQUE LESSARD Nicolas,3
CAN,TANASIUK Sasha,3
CAN,KENDRICK Benjamin,45
CAN,YOUNG Keagan,39
CAN,LAMARCHE Myriam,2
CAN,PERRAULT Guillaume,16
CAN,BELLALI Yumi amal,18
CAN,RAYMOND Maxime,6
CAN,BEIGNET Florianne,4
CAN,SHEYKHISLYAMOV Emin,3
CAN,MORGAN Erin,31
CAN,SHEFFIELD Lea,2
CAN,KLIMKAIT Jessica,110
CAN,MCGRANDLE Scott,24
CAN,SOMMERFELD Bishop,1
SAM,FAAULIULI Faatasi,4
SAM,HALL Hermann,3
SAM,MARTEL Xavier,2
SAM,VAAI Tristan,4
SAM,SAILI Asomualemalama,1
SAM,SMITH Aleni,8
SAM,STOWERS Frank,7
SAM,TINEI KOSE Ken,2
SAM,MATAELIGA Paselio,3
SAM,WATERHOUSE Abner,7
SAM,AH SIU Segia,1
SAM,BARTLEY Fanenetuisamoasimanualii,1
SAM,TAI TIN William,1
SAM,SUA Derek,20
SAM,LESA Filipo,1
SAM,ANTONIO Pine,2
SAM,SUZUKI Toshio,2
CYP,NEARCHOU Andriana,1
CYP,ZINONOS Charalambos,7
CYP,KYRIAKOU Lazaros,10
CYP,KLEITOU Michalis,1
CYP,XENOPOULOS ACHILLEAS,1
CYP,PANAYI Stefanos,11
CYP,BALARJISHVILI Georgios,21
CYP,PANAGIOTOU Themis,1
CYP,GEORGIOU Minas,6
CYP,PAPAPETROU Andreas,4
CYP,DEMOSTHENOUS Marilena,1
CYP,KOUNNA Anastasia,1
CYP,PANGALOU Marilena,1
CYP,KISSONEGRI Natalia,1
CYP,KRASSAS Andreas,20
CYP,HADJIADAMOU Evdokia,7
CYP,ASVESTA Sofia,36
CYP,PANAYI Antigoni,1
CYP,IORDANOU CHARIS,3
CYP,AVGOUSTI Fylios,1
CYP,KYPRIANOU Marina,2
CYP,KOURRI Vasiliki,48
CYP,KOURRI Kypros,7
CYP,GEORGIOU Nikolas,1
CYP,EVRIPIDOU Nikola,1
CYP,HADJIADAMOU Charilaos,27
CYP,MATSOUKATOV Dato,7
CYP,PANAYIOTOU Despina,1
CYP,SARMALLIS RAFAIL,1
CYP,KONNARIS Phedias,11
CYP,KELPIS Irodotos,6
CYP,MICHAILIDOU Zanet,8
CYP,XENOFONTOS Ioannis,23
CYP,KYRIAKOU Andreas,1
CYP,GIASOUMI Stylianos,1
CYP,SKOUROUMOUNIS Christos,22
CYP,GEORGAKIS ODYSSEAS,1
CYP,KYRIAKOU Panagiotis,3
CYP,MICHAEL PHILIPPOS,2
CYP,CONSTANTINOU Vaso,2
CYP,STAVRINOU Penelope,1
CYP,NICOLA Robert,2
CYP,CHARALAMPOUS Anastasios,2
CYP,GLADYSHEV ILIA,4
CYP,SKOUROUMOUNIS Neoklis,2
CYP,GERASIMOU Panagiotis,2
CYP,KOURTIDIS Roudolf,19
CYP,LYTRAS Savvas,1
CYP,NIKOLAOU Kyriakos,19
CYP,PELEKANOU NAYIA,1
CYP,DIMITRIOU ELENA,1
CYP,TRIKOMITIS Christos,28
CYP,LIVADIOTOU MARIA,1
CYP,ANDREOU Kyprianos,12
CYP,COSTA Paula,1
CYP,ARESTI Orestis,1
CYP,KOKKIDES Georgia,1
CYP,KAOURANIS Christos,1
CYP,SHAKOS Panagiotis,8
CYP,APOSTOLOU Theocharis,6
CYP,LOUKAS Louka,14
CYP,PANTELI Fotis,1
CYP,KROUSSANIOTAKIS Georgios,18
CYP,ANTONIOU CONSTANTINA,2
CYP,PANTELI Theognosia,1
CYP,MARKOU Athina,1
CYP,TAROUIREI Evelin,1
CYP,MICHAEL Aristos,23
CYP,ZINONOS Loizos,9
CYP,DIANA DIMITRIOU,1
CYP,KESIDIS Anastasios,3
CYP,DORMPARIS Christos,1
SOL,MORGAN Abraham,1
SOL,LOMO Tony,14
GBR,GEHLAN Jacob,2
GBR,GOWEN Oskar,5
GBR,EDWARDS Kelly,93
GBR,BLACK Jamie,3
GBR,MCNEALIS Dominic,1
GBR,ALDRIDGE Jacob,25
GBR,ASHTON Samuel,1
GBR,BARRATT Oliver,10
GBR,LAMBERT Spencer,3
GBR,RENICKS Kimberley,152
GBR,THORPE Aimee,4
GBR,JACKSON Benjamin,2
GBR,MERSINI Benjamin,2
GBR,HUTCHINSON Craige,1
GBR,BERTOCCHI Leonardo,3
GBR,HILL Isaac,3
GBR,BURNS Andrew,88
GBR,WALKER Stephanie,40
GBR,SIMPSON Neil,1
GBR,ORLEDGE Kye,2
GBR,GREGORY Max,5
GBR,EVANS Harrison,2
GBR,MULLEN Jodie,26
GBR,PIOVESANA Lubjana,122
GBR,NIVEN Emily,1
GBR,DUXBERRY Jemima,2
GBR,ARISTIDOU Aristides,3
GBR,HALLOUMAS Georga,6
GBR,JACKSON Eve,1
GBR,GAME Mollie,8
GBR,RITCHIE Emily,9
GBR,SCARDONE Julia,20
GBR,INGLIS Stephanie,29
GBR,COUSINS Peter,6
GBR,GROSVENOR Leah,12
GBR,HALES Aaron,1
GBR,BOLWELL Adam,3
GBR,WILSON Kaito,1
GBR,HOPE John,1
GBR,TERO Oliver,1
GBR,VINCENT Peter,4
GBR,NASH Oliver,5
GBR,NADAL Sebastian,6
GBR,ADAMAN Adam,6
GBR,PROCTOR Roxanne,2
GBR,MOORE Meghan,1
GBR,IMRIE Storm,7
GBR,REID-THOMAS Cameron,4
GBR,HORLEY Michael,26
GBR,STEWART Max,80
GBR,TOWLE Rachel,15
GBR,MOORHEAD Lachlan,13
GBR,LEWIS Jade,12
GBR,CLEMPNER Matthew,14
GBR,NICHOLLS-BURTON TOM,3
GBR,WALLS Imogen,6
GBR,MACDONALD Neil,60
GBR,TOWNSEND Ben,2
GBR,KENNEDY Mitchell,2
GBR,RICHARDSON Jessica,2
GBR,CURRY Jack,3
GBR,LOVELL-HEWITT Harry,33
GBR,BARNES Jack,2
GBR,ANDERSON Rae,5
GBR,WILD Mark,2
GBR,DODGE Brandon,4
GBR,BEAMISS Toby,4
GBR,BELL JOSHUA,3
GBR,HOLT Michelle,1
GBR,MERCER Thomas,2
GBR,DAFALLAH Ayoub,1
GBR,LOCKYEAR Rowan,2
GBR,TOPRAK Acelya,78
GBR,HALL Samuel,59
GBR,SPALDING-MCINTOSH Theodore,25
GBR,ABIDEKUN Fayokemi,2
GBR,GRIFFITH Grace,4
GBR,WINSTON Gordon,7
GBR,CONWAY Sally,189
GBR,FLETCHER Benjamin,114
GBR,RENICKS Louise,51
GBR,PARK Oliver,9
GBR,SHERRINGTON Christopher,58
GBR,MUSTARD Harry,2
GBR,FLEMING Douglas,1
GBR,POTTS Connor,10
GBR,MACDONALD Morgan,1
GBR,LOWE Samantha,2
GBR,BENTHAM Holly,4
GBR,WILLIS Hayley,8
GBR,JONES William,13
GBR,SAEZ Louis,2
GBR,ADLINGTON Sarah,152
GBR,MURPHY Jack,6
GBR,GILES Joshua,33
GBR,GORDON BROWN Jessica,5
GBR,PURLLANT Jack,4
GBR,VALLEJERA Renz,1
GBR,HARRIS Oliver,1
GBR,DAVIS Thomas,34
GBR,JOHNSTONE Sophie,6
GBR,DONALD Aiden,1
GBR,MORRISON Zachary,5
GBR,IMRIE Del,13
GBR,GILES Chelsie,116
GBR,WARR Jade,7
GBR,JAMES Lena,1
GBR,MCWATT Andrew,4
GBR,ROOTS Sophie,3
GBR,HOLT Daniel,1
GBR,HALL Gary,52
GBR,DAVIS Jason,1
GBR,HILL Joshua,2
GBR,PETGRAVE Samuel,2
GBR,GREEN Sebastian,1
GBR,MILLAR James,17
GBR,CALLER Jodie,45
GBR,PLATTEN Amy,75
GBR,CLARK Sarah,32
GBR,OCONNOR Joshua,9
GBR,VOLANTE Valentino,21
GBR,ZAIN-PROSSER Harry,1
GBR,COX Sophie,14
GBR,MELBOURNE Andrew,30
GBR,SHORT Oliver,2
GBR,HALL Adam,36
GBR,RODGERS Jade,1
GBR,MUNRO Dylan,14
GBR,GAGIN Isaac,3
GBR,FRANCIS Kai,2
GBR,HEWITT Laura,2
GBR,ALIP Mohammad,5
GBR,RENSHALL Lucy,139
GBR,CHAMBERLAIN Frazer,100
GBR,FRASER Natasha,16
GBR,HACKER-JONES Jasmine,36
GBR,HARRIS Ioan,2
GBR,DRYSDALE DALEY Ebony,37
GBR,TYTLER Rachel,25
GBR,VENABLES Thomas,2
GBR,STEELE Josie,33
GBR,KING Lucy,12
GBR,CHAATOUF Abdurrahman,3
GBR,WIDDICOMBE Lewis,8
GBR,PEARCE Scott,4
GBR,BOYCE Matthew,6
GBR,SEKHON Harkirat,9
GBR,SOAKELL Eve,3
GBR,FOURNIER Laure,21
GBR,ROBYNSLANDRICOMBE Chloe,6
GBR,DI DOMENICO Oscar,8
GBR,LOVE Christopher,2
GBR,SANGOLA LUNATU Deborah,1
GBR,HILL CHANDLER,1
GBR,JAVADIAN Yasmin,62
GBR,VAREY Gregg,71
GBR,RABBITT Daniel,16
GBR,STEWART Euan,2
GBR,MOFFAT Aiden,15
GBR,AWITI-ALCARAZ Philip,64
GBR,BOSTOCK Mae,9
GBR,RANCEV Ruslan,3
GBR,MILES Peter,26
GBR,MCFADDEN Jamie,1
GBR,TODMAN Fiona,3
GBR,LIVESEY Amy,104
GBR,FARRANCE Beau,17
GBR,SPENCER PICKUP Jamie,3
GBR,PIECHOTA Olivia,89
GBR,POTTS Samuel,6
GBR,JACKSON Chloe,3
GBR,LYNCH Josef,8
GBR,HAWKES Sarah,17
GBR,ELLIOTT Matthew,12
GBR,BOBY Annie,11
GBR,CASSIDY Peter,1
GBR,REID OLIVIA,2
GBR,NAIRNE Ethan,2
GBR,POWELL Kirsty,7
GBR,MOON Rachel,8
GBR,MCNEILL Joseph,1
GBR,IMRIE Scott,2
GBR,TURNER Aaron,49
GBR,RAZZINO Ottavio,11
GBR,CUSACK Scott,7
GBR,BOJAT Sofija,7
GBR,JOHNSON William,4
GBR,BOOTH William,1
GBR,KIRK Thomas,2
GBR,OATES Colin,83
GBR,YOUNG Charlie,17
GBR,MATHIAS Ashley,7
GBR,VASEKIN Alex,4
GBR,STRINGER Jasmine,1
GBR,FLETCHER Megan,88
GBR,JACKSON Rachel,1
GBR,HOWELL Gemma,117
GBR,LUCKUS Tomas,6
GBR,BOBROWSKA Sian,27
GBR,DAVIN Kieran,4
GBR,JOHNSON Thomas,2
GBR,MAIR Daniel,6
GBR,HAWKES Rachael,19
GBR,PURSSEY Matthew,37
GBR,BRYANT Karina,15
GBR,LITTLE Thomas,2
GBR,KEEN Tatum,10
GBR,HOSHAL Adam,9
GBR,MCLACHLAN Rachel,1
GBR,GIPP Samantha,4
GBR,DODGE Chloe,1
GBR,HARVEY Molly,75
GBR,SMITH Jack,16
GBR,BARBER Caitlin,8
GBR,AWITI ALCARAZ Prisca,30
GBR,MCDONALD Morgan,2
GBR,PANAYI Andrew,1
GBR,SMYTHE-DAVIS Nekoda,161
GBR,CHESNEY Oliver,5
GBR,SHORT Alexander,32
GBR,MACDONALD Colin,9
GBR,HODGSON Jack,4
GBR,GRIFFITHS Bryony,1
GBR,KITCHEN Isobel,2
GBR,BENNETT Callum,7
GBR,MARSH Kirsty,5
GBR,COX Katelyn,2
GBR,KUMESU EGRI Christopher,3
GBR,WREN Tristan,1
GBR,SCHOFIELD Neil,31
GBR,ROWE Lucas,20
GBR,LIVESEY Owen,86
GBR,STANNARD Leonard,1
GBR,GOWEN Chloe,3
GBR,COOPER Emily,13
GBR,MOON Sally,13
GBR,TAYLOR Hazel,2
GBR,HOWARD Reece,2
GBR,DELSOL Louis,1
GBR,NIVEN Hannah,2
GBR,ALLAN Finlay,6
GBR,THOMSON Ryan,2
GBR,FRYER Michael,19
GBR,WILSON Malin,45
GBR,BOYLE Michelle,37
GBR,WALKER Kate,5
GBR,CARROLL Emma,1
GBR,ANDREWS Joseph,2
GBR,MCKENZIE Ashley,165
GBR,HUCKER Matthew,2
GBR,WHITAKER Jaime-leigh,45
GBR,HICKMAN Emily,1
GBR,GOSIEWSKI Jan,63
GBR,JORDAN Jodie,1
GBR,WOOD Murray,4
GBR,NORTHALL Gwenllian,5
GBR,NAIRNE Lele,69
GBR,TRINDER Graham,26
GBR,REID Emma,62
GBR,FARBON Alex,1
GBR,PITMAN Faith,42
GBR,BLAIR Leah,8
GBR,SMITH George,16
GBR,POWELL Natalie,237
GBR,PASKE Alex,16
GBR,MILLER Aaron,9
GBR,RAMSAY Connie,84
GBR,SPELLMAN Olivia,36
GBR,KINNANE Caroline,14
GBR,STADDON Kelly,80
GBR,URBAN Benjamin,4
GBR,CALDER Cailin,27
GBR,FORREST Emma,5
GBR,AWITI ALCARAZ Joshua,12
GBR,PURVES Lindsay,4
GBR,SMITH Jessica,7
GBR,CALDWELL Benjamin,1
GBR,WILLIAMS Daniel,93
GBR,KHALIK Adam,3
GBR,LEKISHVILI Lasha,7
GBR,MURPHY Conor,2
GBR,WALKER Eilish,1
GBR,QUIGLEY Ryan,12
GBR,IMRIE Tomi,6
GBR,KEEBLE Lewis,56
GBR,SMYTHE Kieron,3
GBR,PETGRAVE Jamal,84
GBR,GRANT Aimee,14
GBR,LIVESEY Bekky,68
GBR,HAWKINS Loren,1
GBR,PLATT Archie,13
GBR,HAMPSHIRE Alexander,1
GBR,PEDEN Erin,3
GBR,BRIDGES Ebonnie,3
GBR,BURNS Nathon,98
GBR,HAM Eric,88
GBR,MYERS Jodie,39
GBR,CALDER Reece,12
GBR,QADEER Mohammad Muaazam,1
GBR,BURNIE Edward,1
GBR,FOTHERINGHAM David,1
GBR,WAKES Henry,37
GBR,LEONARD Connor,1
GBR,REED Tom,75
GBR,JONES Chloe,1
GBR,BELGROUNE Adam,1
GBR,LISH Thomas,5
GBR,NEWELL Jodie,2
GBR,MCCALLION Aoife,2
GBR,KELSALL Christina,4
GBR,HEXT Ray,3
GBR,THOMSON Scott,34
GBR,WILKES Emma,1
GBR,NASH Thomas,2
GBR,RANNER Imogen,1
GBR,PERRY Samuel,6
GBR,BURTON Euan,22
GBR,HANCOCKS Darcie,9
GBR,YOUNG Eleanor,2
GBR,FALLON Craig,5
GBR,FLEMING Ashley,10
GBR,GREENIDGE Wesley,63
GBR,REILLY Dominic,3
GBR,SHIPP Joshua,1
GBR,ORAM Amy,6
GBR,MURPHY Max,1
GBR,IRELAND Connor,21
GBR,WYKE Samuel,2
GBR,MARTIN James,14
GBR,REID James,9
GBR,FORBES Helen,3
GBR,YEATS-BROWN Katie-Jemima,119
GBR,SKELLEY Christopher,4
GBR,MORGAN Rhodri,1
GBR,ASHTON FARR Liam,4
GBR,LUDFORD Shelley,69
GBR,ADRIF Nordine,4
GBR,DAY Lucy,16
GBR,STEPHENS Verity,8
GBR,GEHLAN Kieran,2
GBR,WILSON Connor,4
GBR,BROWN Max,4
GBR,PROCTOR Jay,4
GBR,PAINE Francesca,1
GBR,MARK Lewis,3
GBR,WILLIAMS Danielle,1
GBR,GIBBONS Gemma,111
GBR,POWELL Daniel,45
GBR,THOMAS Luke,1
GBR,TURNBULL Ryan,4
GBR,PACITTI Daniel,14
GBR,WILSON Sian,1
GBR,DAWSON Patrick,91
GBR,WOOD Hannah,5
GBR,FEENAN Iain,6
GBR,KEELER Etienne,1
GBR,LLOYD Elin,2
GBR,RESEIGH James,3
GBR,SOLLEY Lanina,35
GBR,Wheatley Rachel,1
GBR,PATEMIAN Artur,5
GBR,CHARLES Cameron,3
GBR,PETERSEN POLLARD Kelly,33
GBR,AUSTIN James,29
GBR,THOMPSON Rhys,44
GBR,MASTERS Kieran,3
GBR,DEWAR Jonathan,18
GBR,RENWICK Jamie,3
GBR,VON MALLINCKRODT William,1
GBR,STUART Callum,1
GBR,CARL Jessica,2
GBR,BURT Ryan,3
GBR,BUCHANAN John,3
GBR,GORDON Yasmin,5
GBR,GRAY George,1
GBR,DREW Jamie,3
GBR,MORLAND imogen,1
GBR,RANFORD Alec,2
GBR,RIJKSEN-SALMAN Alexander,2
GBR,MEADOWS Bethany,6
GBR,ALVIS Chloe,1
GBR,JONES Holly,9
GBR,KIMURA Showgo,4
GBR,NUNN Chloe,34
GBR,MARTELL Sean,11
GBR,FERGUSON David,26
GBR,BATEMAN Kiera,24
GBR,SCOBBIE David,1
GBR,PURSSEY Jonathon,1
GBR,BARNIKEL Ashleigh,3
GBR,ATKINSON Jack,4
GBR,RIJKSEN SALMAN Ryan,10
GBR,HAYES James,29
GBR,EDWARDS Christopher,3
GBR,POTTER Sebastian,9
GBR,MCBEATH Abigael,3
GBR,BLACKIE Abbi,17
GBR,GREENIDGE Georgia,1
GBR,SCHLESINGER Alice,103
GBR,MCWATT Stuart,71
BAR,GREENE Ria,2
BAR,OKEY Onoh obasi,1
BAR,WEITHERS Asa,8
BAR,CLARKE Anaiah,1
BAR,MAXWELL Kyle,4
KIR,NOKETI Nanimatang,1
KIR,IOSUA Vakalahi,2
NGR,AYUBA Adijat,1
NGR,IKA BASSEY Nsa,5
NGR,ACHANYA Friday,3
NGR,UDEZE Ogechi,4
NGR,FOLORUNSO Bosede,3
NGR,AGBODOBERI Victoria,1
NGR,MADU Daniel,2
NGR,SOLOMON Eniafe,7
NGR,AZEEZ Adija,3
NGR,EDOSA Ranca,1
NGR,AUDU Franca,8
NGR,OGAH Adamu,3
NGR,AGBO SULE Esther,3
NGR,EGHAGHE Junior,2
NGR,HARUNA Grace,2
NGR,ORUWARE Abraham,1
NGR,CHRISTOPHER Michael,4
NGR,BASHIR Fatima,4
NGR,RAMON Abdulahi,3
NGR,GOFIT Winnie,7
NGR,EBERE Rita,4
NGR,AUGUSTINE Esther,10
NGR,AGBO Micheal,2
NGR,IKA BASSEY Bassey,2
NGR,UBAH Rapheal,1
NGR,EDWIN Patrick,4
NGR,JOHN Rebecca,2
NGR,AKINTUNDE Samson,3
NGR,AGBO Juliet,1
KEN,RATUGI Esther,2
KEN,WANJIRU Esther Njeri,2
KEN,OLOO Collins,2
KEN,GATHIRU Peterson,2
KEN,KIRIMI John,4
KEN,NGAMAU Geofrey,1
KEN,MAMALI Milton,2
KEN,MURAGU Alice,8
KEN,MBURU George,4
KEN,IKIUGU Esther,1
KEN,NYAORA Geofrey,1
KEN,ANANGWE John,1
KEN,KAIRABI John Nderitu,2
KEN,AMOS Aori,2
KEN,MUGENDI MUGAMBI Charles,1
KEN,OKOTH Dorine,2
KEN,SAMORA Robison,3
KEN,OCHIENG Joseph,1
KEN,WAMBI Samson,2
KEN,MACHARIA Lydia Wangui,2
KEN,SANG Kiplangat,6
KEN,SANG Kipyego,1
KEN,KANA Dianah,9
KEN,KINYANJUI Isaac,8
KEN,WANGECHI Ceciliah,1
KEN,RAREMI Elizabeth,3
KEN,NATO Elvis,2
KEN,KARIUKI Peter Kamau,2
KEN,MASHOBO James,3
KEN,ATIENO Carlos,8
KEN,WACHIYA Petronilla,1
KEN,YUNGU Tobias,2
KEN,KARANJA Daniel Ndungu,2
KEN,WANGUI Peter Kamau,2
KEN,MBANE Evans,2
KEN,OMONDI Joshua,2
KEN,KIARIE Hannah wanjiku,2
GAM,NJIE Faye,70
GAM,PAZIAUD Hassan,3
GAM,PAZIAUD Koga,5
GAM,JOBE Omar,5
AUS,KIRBY BROCK,16
AUS,COUGHLAN Maeve,82
AUS,CONSTANTINIDIS Frank,28
AUS,EDWARDS Jakob,2
AUS,HAMILTON Jayde,3
AUS,PAPPAS Tom,25
AUS,KATZ Joshua,75
AUS,WHITELEY Natasha,11
AUS,ZAHRA James,33
AUS,TAFFT Xavier,3
AUS,LEISHMAN Cameron,14
AUS,ROGERS Darren,5
AUS,RUDGLEY Amber,11
AUS,JOHANSSON-CRANFIELD Klara,2
AUS,REYES Stela,7
AUS,TROTTER Kai,1
AUS,PATRICK Sam,1
AUS,DE BRUINE Naomi,15
AUS,DAQUINO Matthew,8
AUS,PNG Kai,11
AUS,REVELL Lucas,25
AUS,LINDSAY Alexandra,12
AUS,DICKINS Arnie,16
AUS,NIKOLIC Uros,36
AUS,MCDOUGALL Tara,6
AUS,SPINKS Benjamin,7
AUS,CARLILE Amila,5
AUS,HALL Vanessa,5
AUS,KIMEKLIS Teagan,2
AUS,CHUA Shang lin,3
AUS,KATZ Nathan,82
AUS,TAYLOR Sharon,3
AUS,WEBB Yvette,5
AUS,LEE Sung Min,16
AUS,WRIGHT Norika,21
AUS,HILL Patrick,28
AUS,BOYD Caleb,7
AUS,BRAIN Mitchell,7
AUS,IVERSON Dennis,3
AUS,MCINDOE Kyle,30
AUS,GREENBANK Jordon,14
AUS,KELLY Patryk,1
AUS,PHELPS Thomas,3
AUS,NAIDOO Neeson,8
AUS,BRADY Richard,3
AUS,TREDGOLD Liam,9
AUS,DOS SANTOS Ivo,17
AUS,AHARONI Aimee,11
AUS,LEISHMAN Emma,12
AUS,COLLINS Sara,21
AUS,IVERSON Brent,10
AUS,SAWCZUK Jakub,1
AUS,IHALAINEN Aurora,2
AUS,STEWART Liam,13
AUS,ALLATT Christopher,6
AUS,EIFFE Rory,2
AUS,MILOJKOVIC Vita,9
AUS,KELLY Gavin,6
AUS,KOENIG Kylie,4
AUS,ALKINI Youssef,3
AUS,ZAHRA Steven,4
AUS,GIAMBELLI Miranda,36
AUS,MOORE Thomas,1
AUS,VILLANI Daniel,21
AUS,TEMESI Sebastian,70
AUS,FONG Joshua,2
AUS,COATES RYAN,2
AUS,JOLLY Bryan,37
AUS,TANDEAN Bjorn,8
AUS,DA SILVA Kevin,4
AUS,NILON Hayden,5
AUS,STUART Caine,6
AUS,WALLIS Melanie,40
AUS,DONEGAN-CARLILE Sancia,2
AUS,ROBINS Sophie,8
AUS,ODONOVAN Bhavani,2
AUS,FREEMANTLE Clancy,1
AUS,RODGER Ashley,20
AUS,COSTANZO Vincent,5
AUS,GRANT Stephanie,7
AUS,ROZIC Antonio,18
AUS,MICKLE Marlee,1
AUS,OBRIEN Logan,4
AUS,KELLY Daniel,5
AUS,HUNTER Katie,7
AUS,WEBB Callum,8
AUS,DUFFY Rachelle,1
AUS,JENKINS William,4
AUS,MOTT Anias,2
AUS,REVELL Joshua,4
AUS,HAMILTON Alexia,11
AUS,BURSHTEIN Ron,2
AUS,POTTER Lachlan,4
AUS,TAYLOR-BYRNES Alex,5
AUS,QUILTER Finlay,3
AUS,RYDER Kristie-Anne,1
AUS,WATKINS Christopher,2
AUS,MCDONALD Noah,4
AUS,FRIDAY Mitchell,2
AUS,WRIGHT Dean,3
AUS,BOND Jordan,4
AUS,PODESSOR ASTRID,2
AUS,OASA Tiberius,17
AUS,HEMMING Dakota,5
AUS,MCMULLEN Jacob,2
AUS,BROWN Steven,15
AUS,KNOESTER Calvin,45
AUS,ARNOLD Kristopher,1
AUS,PADUCH Abigail,36
AUS,WALKER CLAYTON,8
AUS,IVERS Rachael,5
AUS,BROTHERS Saskia,12
AUS,CZARNETZKI Mira,10
AUS,JONES David,2
AUS,PALMER BAILEY,6
AUS,SUMMERS Daniel,4
AUS,ALLAN Rhys,39
AUS,DEVINE Joshua,3
AUS,PHELPS Victoria,9
AUS,KING Sam,42
AUS,KOENIG Ryan,1
AUS,WRIGHT Heidi,4
AUS,BAIRD Angus,3
AUS,EDWARDS Conor,7
AUS,STUART Shayanne,7
AUS,SIMMONS Nicholas,10
AUS,SCHUURMANS Elijah,26
AUS,MATHESON Brice,4
AUS,REDZEPOSKI Baki,8
AUS,ARSCOTT Catherine,7
AUS,YOUNG Jake,2
AUS,NABULSI Jordan,2
AUS,HOLLINGBERY Timothy,24
AUS,TAJIRI Airi,2
AUS,BENSTED Jake,59
AUS,READ Jacob,10
AUS,ALOISIO Brendan,1
AUS,NEWMAN Francis,3
AUS,HOLDER Jacob,2
AUS,LEONG Nicholas,1
AUS,VASIC Angela,4
AUS,TROTTER Hannah,39
AUS,CHAPMAN JORDAN,1
AUS,KEARNEY Padraic,2
AUS,GERACE Giulioantonio,1
AUS,ROBSON GARTH Kirren,1
AUS,WEBSTER Michael,6
AUS,BROTHERS Lachlan,13
AUS,AGUSTIN James,3
AUS,GIRARDI Jessica,3
AUS,DAHL Joshua,5
AUS,WRIGHT Ellen,33
AUS,STEGER Damien,4
AUS,LECKIE Bryce,3
AUS,HOLMES Mathew,2
AUS,BROCH Salome,1
AUS,WALKER Paige,2
AUS,JONES Michael,1
AUS,PEPPAS Matthew,9
AUS,GOUTZAS TIANA,8
AUS,FOGAGNOLO Priscus,2
AUS,ODONOVAN Kia,2
AUS,ETCHELLS Amelia,2
AUS,ORTIZ Samuel,2
AUS,SWAN Maria,24
AUS,KOPECNY Isabelle,4
AUS,ALLATT Benjamin,8
AUS,CONRAN Isabele,6
AUS,TOVMASIAN Ruben,7
AUS,Scott James,1
AUS,CARLILE Sancia,6
AUS,CROTHON Tanika,2
AUS,BARRETO Diego de souza,31
AUS,SIMMONS Daniel,4
AUS,KNOESTER Michelle,2
AUS,ANTHONY Mark,20
AUS,DI STEFANO Lucca,3
AUS,PARK Liam,37
AUS,MOGHADAMSHAIDIE Shaheen,2
AUS,COLMAN Zachary,18
AUS,SMITH Connor,5
AUS,CASANOVA Luis,1
AUS,RUSSELL David,7
AUS,COUGHLAN Aoife,91
AUS,KOUROS Jordan,19
AUS,MATTHEWS Nicholas,5
AUS,ANDREWARTHA Jake,44
AUS,WALLENIUS Saami,2
AUS,CONSTANTINIDIS Samantha,5
AUS,RIGDZIN Enki,10
AUS,COOK Joshua,1
AUS,BLANCH Solomon,9
AUS,DAW Jaxon,2
AUS,DIDIER Duke,31
AUS,HAMILTON Chelsey,11
AUS,WILMOTH Levi,3
AUS,BEZUIDENOUT Oschuan,3
AUS,GRAZIANI Nicholas,2
AUS,MOULDER Hamish,1
AUS,PAPADIMITROPOULOS Perry,7
AUS,TAKENAKA Nina,4
AUS,ROSITANO Luisa,2
AUS,NIDERLA Sylvia,2
AUS,POTTER Shekea,5
AUS,KELLY Stevie,3
AUS,CHADWICK Gemma,3
AUS,ELIOT Bryce,3
AUS,ANDERSON Dylan,6
AUS,ALMEIDA Brendan,2
AUS,BEUKES Francois,1
AUS,COUGHLAN Eoin,94
AUS,TICHELAAR Patrick,14
AUS,CHERVONSKY Sonya,3
AUS,HEIMDALL MICHEAL,3
AUS,LEE Branden,2
AUS,DONEGAN-CARLILE Amila,2
AUS,BOXELL Jordan,3
AUS,DA SILVA Karen,6
AUS,MICHAELIS Sophia,2
AUS,ZELLNER Benjamin,2
AUS,GILL Jesy,2
AUS,LOCKE SODHI Keller,3
AUS,BROADHEAD Ben,3
AUS,TAYLOR Charisma,10
AUS,BUISSINK Laura,2
AUS,METI Meallani,1
AUS,IKI Rihari,4
AUS,HEMMINGS Dakota,6
AUS,HILL Deborah,2
AUS,GIBBONS Brody,2
AUS,SMITH Jordan,11
AUS,DOBB Samuel,11
AUS,TIDHAR Noam,27
AUS,LORENTE Tatum,1
AUS,EASTON Tinka,89
AUS,PARENTE Aristidis,1
AUS,NOLAN Blake,3
AUS,AYZELMAN Benjamin,4
AUS,CAULEY Harry,3
AUS,ARZHINTAR Daniel,2
AUS,BAARS Marlon,1
AUS,HAIN Caroline,52
AUS,JONES Luke,2
AUS,MOULDER Zachary,2
AUS,TAJIRI Taira,19
AUS,ORTIZ Sebastian,3
AUS,WOOLFE Lavina,13
AUS,MURRAY Elias,2
AUS,JONES Matthew,1
AUS,KELLY Kiarn,8
AUS,HILL Dylan,3
AUS,BUSATO Alyssa,5
AUS,BUDIARTO Melissa,3
AUS,VALENT Michal,5
AUS,BRYSON Tavian,1
AUS,RENZI Carli,11
AUS,OZCICEK-TAKAGI Kayhan,16
AUS,YOKOYAMA Toshiyuki,15
AUS,RAND Erik,1
AUS,CONSTANTINIDIS Stamatia,4
AUS,GRAINGER Danyon,2
AUS,BLANCH Gilgamesh,9
AUS,MOTT Louis,29
AUS,MCCOLM-CHOW Dorothy,3
AUS,HUNTER Ethan,2
AUS,COATES Sian,9
AUS,MOGHADAMSHAIDIE Hussain,1
AUS,HOPKINS Anthony,1
AUS,JANIV Oren,19
AUS,BREICH Will,8
AUS,CROTON Tabitha,17
AUS,MADDOCKS NINA,9
AUS,ROBERTS MOK Owen,16
AUS,EICHNER Michael,5
AUS,VUKOVICH Robert,5
AUS,KARJALAINEN Jesse,15
AUS,BROADWOOD Samuel,3
AUS,HADDOW Josephine,11
AUS,FIELDER Anneliese,18
AUS,TAFFT Kiernen,7
AUS,AYZELMAN Ben,4
AUS,FARRINGTON Sam,18
AUS,MCINDOE Amber,5
AUS,PEJIC Nikola,3
AUS,KOUROS Anthony,40
AUS,BERARD Nicolas,23
AUS,YOKOYAMA Angelina,10
AUS,MEYER Amy,16
AUS,CROTON Tanika,2
AUS,SKANES Sheldon,2
AUS,CONRAN Emily,19
AUS,DONEGAN Benjamin,5
AUS,HILL Mikali,6
AUS,RAYNER Chloe,41
AUS,BARKS Courtney,4
AUS,MUTAHAR Yusof,1
AUS,CASSAR Harrison,32
AUS,GOUTZAS Giorgia,2
AUS,IVERS Hayden,7
AUS,WOMERSLEY Alexander,2
AUS,ARLOVE Catherine,2
AUS,CHALMERS Kimberley,14
AUS,OBRIAN Logan,3
AUS,CARLINGTON Liam,1
AUS,HAUGHEY Michael,9
AUS,HANNAIRE Thomas,3
AUS,FRANKCOMBE Terry,4
AUS,HAECKER Katharina,107
AUS,REVELL Samantha,1
